datetime,fracyear,mjd,phase,ssn,sai,OSF_SSN_source,OSF_SSN_loss_frac,OSF_SSN_loss_abs,OSF_SSN,B_GEO_min,B_GEO,B_GEO_max,V_GEO_min,V_GEO,V_GEO_max,OSF_GEO_min,OSF_GEO,OSF_GEO_max,OSF_OMNI
1749-06-30 12:00:00.000000,1749.4945205479453,-39950.5,3.0002209841782523,134.875,0.9334707416729829,12.380195672815514,1.5538015515012134,12.430412412009707,8.0,,,,,,,,,,
1750-06-30 12:00:00.000000,1750.4945205479453,-39585.5,3.546259707302193,139.0,0.903855790334827,12.170393632307343,1.410636681234608,11.214255875557544,7.949783260805807,,,,,,,,,,
1751-06-30 12:00:00.000000,1751.4945205479453,-39220.5,4.092298430426133,79.44166666666668,0.5738503356812653,9.57757635463226,1.2329778035006274,10.980802934375783,8.905921017555606,,,,,,,,,,
1752-06-30 08:00:00.000013,1752.495446265938,-38854.666666666664,4.639583817301502,79.66666666666669,0.49836489499909725,8.89629554862123,1.0973608233508292,8.233162945627154,7.5026944378120835,,,,,,,,,,
1753-06-30 12:00:00.000000,1753.4945205479453,-38489.5,5.1858718731757225,51.12500000000001,0.31502045874587864,7.016935920098273,0.9504207989695488,7.760971860370137,8.16582704080616,,,,,,,,,,
1754-06-30 12:00:00.000000,1754.4945205479453,-38124.5,5.731910596299663,20.358333333333334,0.16283979975398147,4.803346482503145,0.8294987788212084,6.156366654559311,7.421791100534296,,,,,,,,,,
1755-06-30 12:00:00.000000,1755.4945205479453,-37759.5,6.277949319423603,15.933333333333332,0.10578908239192664,4.043942638886422,0.6583432941017968,3.995334644203512,6.06877092847813,,,,,,,,,,
1756-06-30 08:00:00.000013,1756.495446265938,-37393.666666666664,0.5717820665816251,16.983333333333334,0.14597774164912883,4.609296823793746,0.6985291679613417,4.27316760929993,6.11737892316104,,,,,,,,,,
1757-06-30 12:00:00.000000,1757.4945205479453,-37028.5,1.1480352900776343,54.04166666666666,0.37522556537718615,7.382956188887537,1.1133231754513846,7.184840172615257,6.453508137654857,,,,,,,,,,
1758-06-30 12:00:00.000000,1758.4945205479453,-36663.5,1.724025504343389,79.34166666666668,0.5544893436682131,9.040980679518768,1.4965004482523974,9.954158527958436,6.651624153927138,,,,,,,,,,
1759-06-30 12:00:00.000000,1759.4945205479453,-36298.5,2.300015718609144,89.94166666666666,0.6414508994995681,9.757806917705167,1.6036212739127103,9.202294574685501,5.73844630548747,,,,,,,,,,
1760-06-30 08:00:00.000013,1760.495446265938,-35932.666666666664,2.8773209790261935,104.77499999999999,0.7653472527323574,10.707841721624092,1.5832811813909387,9.965106284634095,6.293958648507136,,,,,,,,,,
1761-06-30 12:00:00.000000,1761.4945205479453,-35567.5,3.453574202522203,143.08333333333331,0.9378569299918217,11.922150676591032,1.4423565659141293,10.14942191654591,7.036694085497134,,,,,,,,,,
1762-06-30 12:00:00.000000,1762.4945205479453,-35202.5,4.029564416787958,101.91666666666667,0.7082365983531997,10.279214381495732,1.2482929193267158,10.996740161445407,8.809422845542256,,,,,,,,,,
1763-06-30 12:00:00.000000,1763.4945205479453,-34837.5,4.605554631053712,75.2,0.5513256134037656,9.190620214237597,1.1066452072019923,8.954859104809897,8.091897065592581,,,,,,,,,,
1764-06-30 08:00:00.000013,1764.495446265938,-34471.666666666664,5.182859891470763,60.574999999999996,0.33093822889993096,7.946084088489553,0.951101812343131,7.920450782835883,8.327658175020284,,,,,,,,,,
1765-06-30 12:00:00.000000,1765.4945205479453,-34106.5,5.759113114966772,34.85,0.1905632158417817,6.032593139522546,0.8209721669329135,6.857819807911143,8.353291480673956,,,,,,,,,,
1766-06-30 12:00:00.000000,1766.4945205479453,-33741.5,0.06220039616236117,19.016666666666666,0.1288660675780401,4.970018520651232,0.6602666452314014,4.9705300986922145,7.5280648122853595,,,,,,,,,,
1767-06-30 12:00:00.000000,1767.4945205479453,-33376.5,0.7522655815509912,63.04999999999999,0.31967181508091397,7.8565284264658946,0.8285251035617803,6.236766822969137,7.527553234244377,,,,,,,,,,
1768-06-30 08:00:00.000013,1768.495446265938,-33010.666666666664,1.4439062582304676,116.41666666666667,0.59354203994237,10.858608559485548,1.312734616465911,12.007996835215046,9.147314837741135,,,,,,,,,,
1769-06-30 12:00:00.000000,1769.4945205479453,-32645.5,2.134286541877261,176.83333333333334,0.9137560838032308,13.64799509050335,1.5751754191053546,12.598137324290525,7.997926562011635,,,,,,,,,,
1770-06-30 12:00:00.000000,1770.4945205479453,-32280.5,2.8243517272658916,167.99166666666665,0.8801790608019985,13.378970044635015,1.5892634177370983,14.379312644422162,9.047784328224461,,,,,,,,,,
1771-06-30 12:00:00.000000,1771.4945205479453,-31915.5,3.514416912654521,135.975,0.7702722873508266,12.464120783457725,1.4215342835780966,11.439714312070619,8.047441728437315,,,,,,,,,,
1772-06-30 08:00:00.000013,1772.495446265938,-31549.666666666668,4.206057589333991,110.825,0.5125022968342744,10.766747669539404,1.2052060319541624,10.933446171400902,9.071848199824421,,,,,,,,,,
1773-06-30 12:00:00.000000,1773.4945205479453,-31184.5,4.896437872980791,57.95000000000001,0.2548172435150207,8.323657843263481,1.0272818144292017,9.148098339487008,8.905149697962923,,,,,,,,,,
1774-06-30 12:00:00.000000,1774.4945205479453,-30819.5,5.586503058369422,51.025,0.17268040941874993,6.811418741902471,0.8598375147013619,6.9480969170480265,8.080709201739394,,,,,,,,,,
1775-06-30 12:00:00.000000,1775.4945205479453,-30454.5,6.276568243758052,11.683333333333332,0.05641381403975825,3.9450445155024525,0.6587761913762229,5.233338503874034,7.944031026593837,,,,,,,,,,
1776-06-30 08:00:00.000013,1776.495446265938,-30088.666666666668,0.6926095151510179,33.03333333333333,0.14028686547811925,6.130092569544621,0.7855569346006278,5.228460385253737,6.655737038222256,,,,,,,,,,
1777-06-30 12:00:00.000000,1777.4945205479453,-29723.5,1.3906350200709305,154.16666666666666,0.5850600022106687,12.888673711049327,1.2768308086934161,9.649481855976186,7.55736922251314,,,,,,,,,,
1778-06-30 12:00:00.000000,1778.4945205479453,-29358.5,2.088341937357377,257.28333333333336,0.9547415796657474,16.731910071099257,1.566364710578947,16.91135226754136,10.796561077586281,,,,,,,,,,
1779-06-30 12:00:00.000000,1779.4945205479453,-28993.5,2.7860488546438233,209.88333333333333,0.7826058708324094,15.046900895261437,1.5903122626135533,16.884534350309476,10.61711888114418,,,,,,,,,,
1780-06-30 08:00:00.000013,1780.495446265938,-28627.666666666668,3.485348710097588,141.325,0.5674367869302207,12.681094285313664,1.431482333547027,12.567678285090219,8.77948542609614,,,,,,,,,,
1781-06-30 12:00:00.000000,1781.4945205479453,-28262.5,4.1833742150175,113.48333333333335,0.4206729740729493,10.823658790984656,1.210743673894103,10.767024144480287,8.892901426319588,,,,,,,,,,
1782-06-30 12:00:00.000000,1782.4945205479453,-27897.5,4.8810811323039465,64.10000000000001,0.24603876907879083,8.173498193303157,1.0314716846808263,9.231193050147551,8.949536072823955,,,,,,,,,,
1783-06-30 12:00:00.000000,1783.4945205479453,-27532.5,5.5787880495903925,38.0,0.1427451603204176,6.180801724148165,0.8615818892263367,6.799467464337942,7.891841215979563,,,,,,,,,,
1784-06-30 08:00:00.000013,1784.495446265938,-27166.666666666668,6.278087905044158,16.94166666666667,0.07230171712338378,4.265697471756111,0.6582998545286369,4.787930357673666,7.273175475789786,,,,,,,,,,
1785-06-30 12:00:00.000000,1785.4945205479453,-26801.5,0.45180803654935486,40.15833333333333,0.19137475311842025,6.78344586613993,0.6825942034883457,4.608154279929385,6.750942589872231,,,,,,,,,,
1786-06-30 12:00:00.000000,1786.4945205479453,-26436.5,0.9067319905921536,138.09166666666667,0.5739204724125379,12.029414741619718,0.9397818317208823,8.388712704368611,8.926234176082776,,,,,,,,,,
1787-06-30 12:00:00.000000,1787.4945205479453,-26071.5,1.3616559446349523,220.04999999999998,0.9067202754967347,15.341483853381925,1.2572994595109168,15.800402108732857,12.566936213333882,,,,,,,,,,
1788-06-30 08:00:00.000013,1788.495446265938,-25705.666666666668,1.8176185378422307,218.1666666666667,0.9447571317720674,15.681631926583123,1.5144486044478374,18.33697089909663,12.108017957982948,,,,,,,,,,
1789-06-30 12:00:00.000000,1789.4945205479453,-25340.5,2.2727502197179277,196.8416666666667,0.8290533679079203,14.626156779093112,1.601728332547466,15.140623749502438,9.45267898546944,,,,,,,,,,
1790-06-30 12:00:00.000000,1790.4945205479453,-24975.5,2.727674173760726,149.82500000000002,0.6425619277349203,12.772142300943374,1.5919107324088357,14.2288356353198,8.938212015060113,,,,,,,,,,
1791-06-30 12:00:00.000000,1791.4945205479453,-24610.5,3.1825981278035247,110.96666666666665,0.4799955165208875,10.944639344848957,1.5100553312486897,11.297507169603067,7.481518680683688,,,,,,,,,,
1792-06-30 08:00:00.000013,1792.495446265938,-24244.666666666668,3.638560721010803,100.06666666666666,0.42321589977351276,10.242070063879586,1.3790483814504104,9.830754424794765,7.1286508559295765,,,,,,,,,,
1793-06-30 12:00:00.000000,1793.4945205479453,-23879.5,4.0936924028865,78.15833333333332,0.3380272269919637,9.066853148396783,1.2326374960908062,9.29404542102312,7.539966495014397,,,,,,,,,,
1794-06-30 12:00:00.000000,1794.4945205479453,-23514.5,4.5486163569292986,68.325,0.3071423142275475,8.120681660752942,1.1215779186116475,8.201846091622908,7.312774222388059,,,,,,,,,,
1795-06-30 12:00:00.000000,1795.4945205479453,-23149.5,5.003540310972097,35.449999999999996,0.22408643896674993,6.403301908967751,0.9980604237539759,7.217583532945948,7.231609791518093,,,,,,,,,,
1796-06-30 08:00:00.000013,1796.495446265938,-22783.666666666668,5.4595029041793754,26.7,0.20139786871891827,5.135207450372541,0.888552431298627,5.7021325457087375,6.417328167539896,,,,,,,,,,
1797-06-30 12:00:00.000000,1797.4945205479453,-22418.5,5.914634586055072,10.666666666666666,0.10227948997762204,3.4315660097579173,0.772224062373391,4.517822026938908,5.850403072203699,,,,,,,,,,
1798-06-30 12:00:00.000000,1798.4945205479453,-22053.5,0.09854805852517877,6.7749999999999995,0.08815633678832309,2.985581621510802,0.6623496499386587,3.155531134150583,4.7641470550227085,,,,,,,,,,
1799-06-30 12:00:00.000000,1799.4945205479453,-21688.5,0.6175962744224542,11.275,0.1420730313242626,3.519943186837169,0.7315275324550319,3.3607819917903554,4.594197542382928,,,,,,,,,,
1800-06-30 12:00:00.000000,1800.4945205479453,-21323.5,1.1366444903197297,24.125,0.30799044655616087,5.060473787100273,1.1053797286445695,5.25426639133038,4.753358737429741,,,,,,,,,,
1801-06-30 12:00:00.000000,1801.4945205479453,-20958.5,1.6556927062170053,56.65,0.6878478364210111,7.5852108699450564,1.455474679960509,6.636333058477512,4.559566133199634,,,,,,,,,,
1802-06-30 12:00:00.000000,1802.4945205479453,-20593.5,2.1747409221142804,75.05,0.89997128530507,8.719973508508982,1.582933277870481,8.719499229297817,5.508443944667177,,,,,,,,,,
1803-06-30 12:00:00.000000,1803.4945205479453,-20228.5,2.693789138011556,71.75,0.8824728721704997,8.631199991648819,1.5928386039678355,8.774817613095347,5.508918223878343,,,,,,,,,,
1804-06-30 08:00:00.000013,1804.495446265938,-19862.666666666668,3.2140223954976364,79.10833333333333,0.9577158342777392,9.00762246015237,1.502517692987146,8.061459083348394,5.365300602431814,,,,,,,,,,
1805-06-30 12:00:00.000000,1805.4945205479453,-19497.5,3.733307619712675,70.40833333333333,0.8698849490098071,8.566854834601342,1.3466230231627305,8.499162704301176,6.311463979235789,,,,,,,,,,
1806-06-30 12:00:00.000000,1806.4945205479453,-19132.5,4.252355835609951,46.85,0.559847006166884,6.824541921423235,1.1939033436174862,7.616095808632892,6.3791561095359555,,,,,,,,,,
1807-06-30 12:00:00.000000,1807.4945205479453,-18767.5,4.771404051507226,16.75,0.23997256987164797,4.486666033468069,1.0613955303577982,5.930656024194433,5.587602222326298,,,,,,,,,,
1808-06-30 08:00:00.000013,1808.495446265938,-18401.666666666668,5.291637308993306,13.566666666666668,0.15459711215220437,3.6624535875616826,0.9265070825827908,3.839086080054022,4.143612231599934,,,,,,,,,,
1809-06-30 12:00:00.000000,1809.4945205479453,-18036.5,5.810922533208345,4.216666666666666,0.06357462570725882,2.5560174863870455,0.8047325382827046,3.1923576747681164,3.966979739107595,,,,,,,,,,
1810-06-30 12:00:00.000000,1810.4945205479453,-17671.5,0.044044146377038074,0.0,0.0002583829687916076,1.4322058542837586,0.659226150428972,2.1956446894919273,3.3306395507265236,,,,,,,,,,
1811-06-30 12:00:00.000000,1811.4945205479453,-17306.5,0.5326798128705323,2.3583333333333334,0.03311334364613034,2.087954672709921,0.6872287873875734,1.7642542347061896,2.5672007155183545,,,,,,,,,,
1812-06-30 08:00:00.000013,1812.495446265938,-16940.666666666668,1.0224310859085308,8.258333333333333,0.09148491693841769,2.9509766348281117,1.0231158256666983,2.957726720606559,2.890901153522085,,,,,,,,,,
1813-06-30 12:00:00.000000,1813.4945205479453,-16575.5,1.5112898737109277,20.325000000000003,0.24400116703151034,4.555453139083399,1.3581498998498027,3.9171094838077236,2.884151067743638,,,,,,,,,,
1814-06-30 12:00:00.000000,1814.4945205479453,-16210.5,1.999925540204422,23.225000000000005,0.31768534907965434,5.176431027516025,1.549409267988672,5.457785970287313,3.522494723019313,,,,,,,,,,
1815-06-30 12:00:00.000000,1815.4945205479453,-15845.5,2.4885612066979164,59.008333333333326,0.7062436311785797,7.750173233160973,1.59845834602707,5.180826932377799,3.241139780248025,,,,,,,,,,
1816-06-30 08:00:00.000013,1816.495446265938,-15479.666666666666,2.978312479735917,76.35000000000001,0.9318970952224982,8.951120610830811,1.5590566741645393,9.05887710477185,5.8104860810312,,,,,,,,,,
1817-06-30 12:00:00.000000,1817.4945205479453,-15114.5,3.467171267538312,68.43333333333334,0.7990431452855936,8.262051697108863,1.4377032241071799,8.198832713570928,5.702729587090159,,,,,,,,,,
1818-06-30 12:00:00.000000,1818.4945205479453,-14749.5,3.955806934031806,50.133333333333326,0.5994770710589674,7.123065160963852,1.270476784241895,7.325503798115731,5.765948570628094,,,,,,,,,,
1819-06-30 12:00:00.000000,1819.4945205479453,-14384.5,4.4444426005253,39.96666666666666,0.4711810783960854,6.300744019967607,1.147009627071555,6.381399454005444,5.5635099334762135,,,,,,,,,,
1820-06-30 08:00:00.000013,1820.495446265938,-14018.666666666666,4.934193873563301,26.0,0.3330671877424281,5.29818821811538,1.0169806218135384,5.5759567781519985,5.482854499438377,,,,,,,,,,
1821-06-30 12:00:00.000000,1821.4945205479453,-13653.5,5.423052661365696,11.016666666666667,0.133501772321102,3.4606749441043156,0.8967938833584301,4.667889232810465,5.205085939401758,,,,,,,,,,
1822-06-30 12:00:00.000000,1822.4945205479453,-13288.5,5.91168832785919,6.583333333333333,0.07100054895972784,2.789640487310935,0.7731475650999738,3.0909447323175234,3.9978716506956093,,,,,,,,,,
1823-06-30 12:00:00.000000,1823.4945205479453,-12923.5,0.14134582331813272,2.983333333333333,0.04047600403804664,2.4205996750278014,0.6648022958511787,2.4574864980706965,3.696567405689021,,,,,,,,,,
1824-06-30 08:00:00.000013,1824.4954462659382,-12557.666666666666,0.7323059798577554,14.241666666666667,0.11567005573862643,3.822470006254782,0.814148903625932,2.979524933982455,3.6596805826461254,,,,,,,,,,
1825-06-30 12:00:00.000000,1825.4945205479453,-12192.5,1.3221892158387616,27.674999999999997,0.23072987724868502,5.365192476178648,1.2306996301646576,5.541379728278038,4.502625654918452,,,,,,,,,,
1826-06-30 12:00:00.000000,1826.4945205479453,-11827.5,1.9118032216801155,60.449999999999996,0.4810944438276608,7.78500530528227,1.532510220291942,6.630311069783757,4.326438402819061,,,,,,,,,,
1827-06-30 12:00:00.000000,1827.4945205479453,-11462.5,2.5014172275214688,82.58333333333333,0.7042894345729817,9.493955369551964,1.598106310509906,8.759432658037124,5.481132638317573,,,,,,,,,,
1828-06-30 08:00:00.000013,1828.4954462659382,-11096.666666666666,3.0923773840610917,106.95833333333331,0.8593616858345022,10.54061376522895,1.5316962915611971,9.520496248960823,6.215655349832414,,,,,,,,,,
1829-06-30 12:00:00.000000,1829.4945205479453,-10731.5,3.682260620042098,111.60833333333333,0.9188845529522321,10.919506729327336,1.3640929063621563,9.870266438695516,7.235772866100541,,,,,,,,,,
1830-06-30 12:00:00.000000,1830.4945205479453,-10366.5,4.271874625883452,118.19166666666668,0.7653372510145093,10.883688062678024,1.1891382645720434,9.852026167153268,8.285013156732361,,,,,,,,,,
1831-06-30 12:00:00.000000,1831.4945205479453,-10001.5,4.861488631724805,79.7,0.37106061893450476,9.378077154612493,1.0368172223218475,9.65968914895648,9.31667505225712,,,,,,,,,,
1832-06-30 08:00:00.000013,1832.4954462659382,-9635.666666666666,5.452448788264428,45.900000000000006,0.18164107287409406,6.701120544884676,0.8901473770013073,8.042537682042786,9.035063057913133,,,,,,,,,,
1833-06-30 12:00:00.000000,1833.4945205479453,-9270.5,6.042332024245434,14.191666666666668,0.065143370070079,4.057896734078495,0.732197382935974,5.63326740841286,7.6936459207550225,,,,,,,,,,
1834-06-30 12:00:00.000000,1834.4945205479453,-8905.5,0.3829004481821977,22.083333333333332,0.09338435970558738,4.8122065370976905,0.6786452609263235,4.152138501026213,6.118275246420658,,,,,,,,,,
1835-06-30 12:00:00.000000,1835.4945205479453,-8540.5,1.0302309881846228,94.72500000000001,0.4079415483243069,10.196328937497187,1.028733821272251,6.973110986893228,6.778343282492136,,,,,,,,,,
1836-06-30 08:00:00.000013,1836.4954462659382,-8174.666666666667,1.6790394517943588,202.43333333333337,0.8332153086416897,14.88775401830182,1.4712099452609377,14.71439635426722,10.001561233096094,,,,,,,,,,
1837-06-30 12:00:00.000000,1837.4945205479453,-7809.5,2.3266655765182467,230.49166666666665,0.9417129756655337,15.892526765412706,1.602891522721409,16.309291244588657,10.174918897130693,,,,,,,,,,
1838-06-30 12:00:00.000000,1838.4945205479453,-7444.5,2.9739961165206723,171.95000000000002,0.7110370948243155,13.68214429586776,1.560092026359176,15.22361889943276,9.758154417954742,,,,,,,,,,
1839-06-30 12:00:00.000000,1839.4945205479453,-7079.5,3.621326656523097,142.79166666666666,0.5752450737921457,12.225785402667684,1.3849464184671705,11.379661280630566,8.21667981438974,,,,,,,,,,
1840-06-30 08:00:00.000013,1840.4954462659382,-6713.666666666667,4.270135120132833,107.73333333333333,0.4350251600840474,10.5473068649807,1.189562926258836,10.780775570726032,9.062803936426858,,,,,,,,,,
1841-06-30 12:00:00.000000,1841.4945205479453,-6348.5,4.917761244856721,61.20833333333332,0.2660068993022409,8.15413301672251,1.0214640329502196,9.01884837300141,8.829335230681526,,,,,,,,,,
1842-06-30 12:00:00.000000,1842.4945205479453,-5983.5,5.565091784859146,40.31666666666667,0.15914086223621512,6.261207051559207,0.8646786342811756,6.886836635567169,7.964619874402624,,,,,,,,,,
1843-06-30 12:00:00.000000,1843.4945205479453,-5618.5,6.2124223248615715,17.891666666666666,0.10028417947322922,4.773706595556282,0.678882688180493,4.982313456873666,7.338990290394662,,,,,,,,,,
1844-06-30 08:00:00.000013,1844.4954462659382,-5252.666666666667,0.45211487352531293,24.916666666666668,0.13490024088079594,5.5051417604415285,0.682611787641596,4.867283779092455,7.130383429077279,,,,,,,,,,
1845-06-30 12:00:00.000000,1845.4945205479453,-4887.5,0.9586518380854795,66.78333333333333,0.29085969198723133,8.137520980694514,0.9771778739703507,7.5909536259288615,7.768241410426352,5.158774931693989,5.862410860655738,6.484729849726777,331.02841530054644,369.7594603825136,402.13831967213116,4.746187399593753,6.011583215350271,7.148970694430569,
1846-06-30 12:00:00.000000,1846.4945205479453,-4522.5,1.4649576127941806,102.52499999999998,0.4499334325705118,10.221712295442531,1.3269228316026165,11.03310959094283,8.314808765192005,5.493089041095891,6.165388698630137,6.823106164383561,373.3292808219178,402.11746575342465,433.1311643835616,5.597322353088022,6.739942470682111,7.921801951079511,
1847-06-30 12:00:00.000000,1847.4945205479453,-4157.5,1.9712633875028818,164.09166666666667,0.7346243830867863,13.248203497780645,1.5439127820393075,11.584612876957367,7.503411469691704,6.762066780821917,7.449929794520548,8.401395547945205,336.5210616438356,371.5662671232877,396.81592465753425,6.6592104419660005,7.977202668933781,9.525869264260287,
1848-06-30 08:00:00.000013,1848.4954462659382,-3791.6666666666665,2.4787251114689086,207.86666666666667,0.9631843247807383,15.303979357078177,1.598727687133338,14.655540050115492,9.167002090514982,6.90119006849315,7.592171232876712,8.43288698630137,363.62671232876716,392.66501141552516,416.27505707762555,7.200610862645928,8.443298813278211,9.840660524179766,
1849-06-30 12:00:00.000000,1849.4945205479453,-3426.5,2.9852620760290747,183.03333333333333,0.8085942742730153,13.941737525148177,1.5573896968006913,15.2864673019827,9.815441397477668,6.008692964480875,6.816685450819672,7.907525273224043,321.16714480874316,371.28528005464483,405.39477459016393,5.588767989983984,7.198297292685506,9.01441561922908,
1850-06-30 12:00:00.000000,1850.4945205479453,-3061.5,3.4915678507377756,126.54166666666667,0.6039956283466079,11.941027227049938,1.4293539487000033,12.107645103265288,8.470711620643147,5.691671232876712,6.196299657534246,6.705342465753425,347.5688356164384,375.56147260273974,399.2522260273972,5.554086079372221,6.487485860907102,7.3987528203782364,
1851-06-30 12:00:00.000000,1851.4945205479453,-2696.5,3.997873625446477,122.50833333333334,0.5450041532976296,11.309067549546201,1.2560802439879495,10.430608096599675,8.3040937444278,5.719734589041096,6.515200342465754,7.489142123287672,342.8428082191781,387.39811643835617,414.86472602739724,5.531678860453592,7.021249683945943,8.59326737190092,
1852-06-30 08:00:00.000013,1852.4954462659382,-2330.6666666666665,4.505335349412504,102.79166666666664,0.45340864513087636,10.26317860429439,1.1321440151316722,10.395972646035545,9.182553197374327,5.295680936073059,6.314287100456621,7.997829337899543,458.767294520548,480.90981735159824,607.9807077625571,6.085501931351808,7.666129979572881,11.076243810757408,
1853-06-30 12:00:00.000000,1853.4945205479453,-1965.5,5.0118723139726695,74.14166666666667,0.3336818101442845,8.707773940617887,0.9957871541687714,9.01163391550074,9.049759155633172,5.3475303961748635,6.333820696721311,7.971256147540983,377.8035519125683,417.352424863388,498.45372267759564,5.461936384355312,7.114197127084717,10.155158451524663,
1854-06-30 12:00:00.000000,1854.4945205479453,-1600.5,5.5181780886813705,39.13333333333334,0.1949720710131193,6.391823849299952,0.875285888119611,7.6551621318276215,8.74589918075032,4.432902397260274,5.639993150684932,6.709890410958904,403.4722602739726,429.19297945205483,519.4107876712329,4.531270378518762,6.313855085653735,8.530623277423743,
1855-06-30 12:00:00.000000,1855.4945205479453,-1235.5,6.0244838633900715,12.69166666666667,0.07912244506724124,3.940882540252183,0.7377918774162789,5.520572652981327,7.4825608982226495,3.9431609589041097,5.073837328767123,5.894943493150684,380.3020547945206,411.652397260274,474.9852739726028,3.743201986664362,5.422956003952394,7.036084916030416,
1856-06-30 08:00:00.000013,1856.4954462659382,-869.6666666666666,0.2754435721833223,8.216666666666667,0.05362512322488139,3.316793463958078,0.6724871433478515,3.9696047120880156,5.902870785493505,4.472628424657534,4.96565296803653,5.450762557077626,325.5446917808219,347.3055936073059,365.5887557077625,3.9074573268552997,4.695556486245803,5.464545808382962,
1857-06-30 12:00:00.000000,1857.4945205479453,-504.5,0.8363142660993622,43.18333333333334,0.23347929181144875,6.677537118456996,0.889062418483346,4.667630629470009,5.250059537363567,4.676275273224044,5.705621926229508,6.542573770491803,316.27684426229507,365.2420423497268,398.3122609289618,4.041521283440181,5.771171088347992,7.180866503622616,
1858-06-30 12:00:00.000000,1858.4945205479453,-139.5,1.3969289715654176,104.10000000000001,0.5726007985297471,10.64112374248779,1.2810728130543945,9.300545100056238,7.259966026350554,6.419957191780822,6.858102739726028,7.351099315068493,370.92739726027395,389.29366438356163,403.95376712328766,6.708797250544199,7.474948992929772,8.281076077940096,
1859-06-30 12:00:00.000000,1859.4945205479453,225.5,1.9575436770314731,178.225,0.9156896999463364,13.645591960227263,1.5412817795245732,13.25586279198107,8.600544668782108,7.461138698630137,8.19553595890411,9.009736301369863,334.32020547945206,361.5414383561644,387.14554794520546,7.432228656155287,8.733762250912095,10.147028771228186,
1860-06-30 08:00:00.000013,1860.4954462659382,591.3333333333334,2.519438324747451,182.03333333333333,0.9630755057242015,14.016906943782466,1.597612840067622,14.36297691776042,8.990273837028301,7.265293378995434,7.900933789954338,8.582787671232877,343.2416095890411,367.361700913242,390.27928082191784,7.344408022000899,8.467812657655026,9.65965137708805,
1861-06-30 12:00:00.000000,1861.4945205479453,956.5,3.080309018663491,146.64166666666668,0.7911651949671216,12.625969182159393,1.5345910916456647,13.265318242606103,8.644203863050347,6.578899931693989,7.190104849726776,7.926626707650273,345.28292349726775,375.7282786885246,400.61120218579237,6.569258349337221,7.715352337749135,8.97477441611359,
1862-06-30 12:00:00.000000,1862.4945205479453,1321.5,3.6409237241295465,112.26666666666667,0.6201556690157138,11.098619123018796,1.3782396877220673,11.032608583400924,8.004854802603635,6.214099315068493,6.823116438356164,7.617619863013699,375.1422945205479,409.11232876712324,427.36969178082194,6.504303677663688,7.661642497127784,8.911099839471444,
1863-06-30 12:00:00.000000,1863.4945205479453,1686.5,4.201538429595602,83.55833333333335,0.4638956360931759,9.526249685676248,1.2063092844134933,9.73595979557289,8.070865342221508,5.949260273972603,6.506705479452054,7.160921232876713,418.7258561643836,438.44914383561644,464.4815068493151,6.625356894038992,7.552768835163184,8.69389422649382,
1864-06-30 08:00:00.000013,1864.4954462659382,2052.3333333333335,4.76343307731158,89.19166666666666,0.44378567303539934,9.449606883129418,1.0635702983220159,8.360891215599436,7.861155232324867,5.428277397260274,6.259544520547945,7.128182077625571,421.7830479452055,442.277397260274,498.78527397260274,5.970835452679904,7.257751763238677,8.963077995808325,
1865-06-30 12:00:00.000000,1865.4945205479453,2417.5,5.32430377122762,57.875,0.25552970217163734,7.8401319180192575,0.919121148726503,8.22601562242849,8.949870899854849,5.168211407103826,6.104323428961749,7.015964822404372,451.64299863387976,471.94470628415297,548.6722336065574,5.860971927171918,7.302178851341307,9.19238490456545,
1866-06-30 12:00:00.000000,1866.4945205479453,2782.5,5.8849184766936755,30.966666666666665,0.11875936865614511,5.343265004131483,0.7815385576396371,6.693086200372889,8.563987195445618,4.818005136986302,5.821431506849315,6.697739726027398,429.9892123287671,449.4960616438356,525.0080479452055,5.2314441936482,6.730056288696689,8.55523225513187,
1867-06-30 12:00:00.000000,1867.4945205479453,3147.5,0.15543266405372955,13.799999999999999,0.0700325856738035,4.145869169310566,0.6656095817577588,4.801818013461359,7.214165999204212,4.542354452054795,5.435313356164384,6.159623287671233,387.0690068493151,414.2030821917808,459.6625,4.5428053541124624,5.91408984314974,7.276256541878395,
1868-06-30 08:00:00.000013,1868.4954462659382,3513.3333333333335,0.6933933982038242,62.68333333333334,0.26576491111738293,8.040559699928451,0.7861215380264209,5.155555756641852,6.558217155053418,5.3886381278538815,6.327343036529681,7.680362442922376,362.95005707762556,404.16152968036533,462.8761415525114,5.362057899571293,6.969067157943604,9.391947294537829,
1869-06-30 12:00:00.000000,1869.4945205479453,3878.5,1.2303737938862187,123.44166666666666,0.5599686622265442,11.8869247470897,1.1688177709433236,11.037404634686744,9.443221098340018,6.752302595628415,7.634789275956284,9.164303620218579,332.65956284153003,389.62465846994536,420.0688524590164,6.5923454245039945,8.45604019540205,10.848870692371989,
1870-06-30 12:00:00.000000,1870.4945205479453,4243.5,1.7671091049516887,231.78333333333333,0.9255298697998883,15.527980088524693,1.5047625075560878,15.488131073903482,10.292741210742975,7.879368150684932,9.004270547945206,10.435135273972602,324.27020547945204,364.2183219178082,398.68150684931504,7.7419681549709845,9.756478886589276,12.145649073330652,
1871-06-30 12:00:00.000000,1871.4945205479453,4608.5,2.3038444160171587,185.47500000000002,0.8063969493115956,14.4280415404233,1.6035164329599307,16.568478221412626,10.332590225364186,7.8681797945205485,8.845472602739726,10.006792808219178,327.7691780821918,361.2239726027397,391.7582191780822,7.790130262063201,9.513313002611245,11.480000279882173,
1872-06-30 08:00:00.000013,1872.4954462659382,4974.333333333333,2.8418051501672528,169.475,0.7024295953906113,13.406156729406474,1.5887854918810584,13.01557469856477,8.192153544374861,7.924642123287671,8.644261986301371,9.399811073059363,364.6670662100456,385.446803652968,405.11523972602737,8.455501794380242,9.662606657295418,10.928896598358435,
1873-06-30 12:00:00.000000,1873.4945205479453,5339.5,3.378785545849648,110.51666666666665,0.4817439592903993,10.977898125120172,1.4629964847835102,12.556511976368217,8.582735575216567,6.198865095628415,6.934711407103825,7.975235314207651,364.7017076502732,405.6275273224044,432.7626366120219,6.363254901393804,7.765451081055103,9.449282792783908,
1874-06-30 12:00:00.000000,1874.4945205479453,5704.5,3.915520856915118,74.55,0.30468462204762053,8.632353075376914,1.2842639424751585,8.995140978799716,7.00412172396852,5.931183219178083,6.35686301369863,6.819871575342465,336.6422945205479,357.7152397260274,375.5957191780822,5.701560930225678,6.468168420089188,7.257410665308918,
1875-06-30 12:00:00.000000,1875.4945205479453,6069.5,4.452256167980588,28.425,0.1351547485945739,5.697337888824135,1.1451021181517071,7.605005425259471,6.641333820545718,4.615344178082192,5.076018835616439,5.4923784246575345,331.74023972602737,357.20085616438354,383.1306506849315,4.1321814051250625,4.927079859916562,5.69541039613497,
1876-06-30 08:00:00.000013,1876.4954462659382,6435.333333333333,4.9902169021306815,18.849999999999998,0.09013682544896835,4.4931798527115365,1.0016955280726316,4.7416923481815605,4.733666284110382,4.054472031963471,4.97556506849315,5.694650114155251,291.95114155251144,332.953196347032,363.52431506849314,3.1171319680740917,4.557657969563639,5.738691312149769,
1877-06-30 12:00:00.000000,1877.4945205479453,6800.5,5.527197297813077,20.65833333333333,0.10584280737941963,4.3759874994437835,0.8732466320286092,3.9166454400605497,4.485153788640359,4.3980116120218575,5.131650956284153,5.756479166666666,280.39733606557377,315.7468579234973,342.67844945355193,3.3511672066887224,4.541280873351959,5.572576060865623,
1878-06-30 12:00:00.000000,1878.4945205479453,7165.5,6.063932608878547,5.750000000000001,0.042541677358525175,2.7806007803276738,0.7254266936486797,3.586869274791379,4.944495848023592,3.9836044520547946,4.700732876712329,5.333655821917809,264.23869863013704,300.43099315068497,328.12414383561645,2.757794149966002,3.8948489629987066,4.913040213819539,
1879-06-30 12:00:00.000000,1879.4945205479453,7530.5,0.3503098098904752,10.000000000000002,0.10720024660656363,3.7410440525816426,0.6767775630178157,2.800659423555924,4.138227353559886,4.09996404109589,4.72178595890411,5.300256849315068,259.2419520547945,294.648801369863,322.9436643835616,2.8163313615496524,3.851273690981565,4.814415080461729,
1880-06-30 08:00:00.000013,1880.4954462659382,7896.333333333333,0.9438948281934785,53.75833333333333,0.42688593984755513,7.341051167465648,0.9665489181463176,4.908726917453041,5.078611982585604,5.156332191780821,5.5289018264840175,5.907163812785387,344.46130136986295,365.94920091324195,384.61010273972596,4.890840586757529,5.564165214962134,6.228691356971946,
1881-06-30 12:00:00.000000,1881.4945205479453,8261.5,1.5363981425906914,90.50833333333333,0.7362395657542414,9.746381618506023,1.3750723985658901,10.328081100834273,7.510936232598212,5.2244706284153,5.69759118852459,6.117224043715847,366.5147199453552,392.7728825136612,417.3216530054645,5.199688536304987,6.049260950049721,6.831646588354025,
1882-06-30 12:00:00.000000,1882.4945205479453,8626.5,2.1286310310114556,99.375,0.7876825482313333,10.098392558680368,1.5740908726536602,10.907248323056253,6.929236750269959,6.283856164383562,7.083047945205479,8.221840753424658,408.538698630137,439.99417808219175,480.5563356164384,6.9596333657810785,8.341128384471105,10.329487450563452,
1883-06-30 12:00:00.000000,1883.4945205479453,8991.5,2.7208639194322206,106.05833333333334,0.8843535395444757,10.733122519949381,1.592097217125799,9.74424153539161,6.120380985894075,6.320760273972603,6.705364726027398,7.124631849315069,382.2303082191781,398.16472602739725,411.99674657534246,6.7183178337903655,7.386114400851545,8.085617416054193,
1884-06-30 08:00:00.000013,1884.4954462659382,9357.333333333334,3.314448937735225,105.84166666666665,0.8605506109229082,10.579849193573132,1.4784287005366898,10.510536936750029,7.109261970451845,5.770478310502282,6.104773401826483,6.428338470319634,350.49902968036525,371.76449771689494,391.028710045662,5.681770735718561,6.331395656721763,6.953661956133834,
1885-06-30 12:00:00.000000,1885.4945205479453,9722.5,3.9069522521324362,86.63333333333333,0.6894439746456161,9.416496118000342,1.287196387588515,9.240234813384332,7.17857422727495,5.950420423497268,6.283428961748634,6.626258196721311,365.46936475409836,381.316325136612,395.36157786885246,6.0707475148392405,6.661518742860898,7.253378989777795,
1886-06-30 12:00:00.000000,1886.4945205479453,10087.5,4.499185140553201,42.4,0.33993939587281324,6.534178688385855,1.1336454520009616,8.337775850943261,7.354835531890961,6.025366438356164,6.417852739726027,6.841159246575343,418.14623287671236,433.0539383561644,442.6916095890411,6.719384567836911,7.381654562479061,8.043357399445515,
1887-06-30 12:00:00.000000,1887.4945205479453,10452.5,5.0914180289739654,21.76666666666667,0.16242042900526438,4.644992448411596,0.9740842269694696,5.407373735715535,5.551238369333555,5.237806506849315,5.819179794520548,6.37702397260274,391.13715753424657,415.75325342465754,434.1770547945206,5.453134740982334,6.427999961984627,7.338573223811826,
1888-06-30 08:00:00.000013,1888.4954462659382,10818.333333333334,5.685003047276971,11.225,0.08188411076972495,3.5629292442561713,0.8375665262576842,4.010986390940055,4.788857082029616,4.9766073059360725,5.4721598173515975,5.9466934931506845,397.7566780821918,415.89811643835617,430.0257420091324,5.180705173598675,5.977003989104553,6.72776616954616,
1889-06-30 12:00:00.000000,1889.4945205479453,11183.5,6.277506361674181,10.383333333333335,0.06961235673306455,3.353040791559216,0.6584821389219567,2.8583392260587486,4.340799935345731,4.766793032786885,5.262784494535519,5.740750341530054,361.41335382513665,380.90140027322406,395.3979849726776,4.595993076931116,5.38785818060531,6.13004659190461,
1890-06-30 12:00:00.000000,1890.4945205479453,11548.5,0.5098705864562745,11.741666666666667,0.09795762296883413,3.9014253758298567,0.6859216407128975,3.316775123130103,4.835501500846198,4.415022260273973,4.958611301369864,5.421739726027397,324.6150684931507,366.3232876712329,397.0828767123288,3.8339003188561795,4.874601279699189,5.741093870628375,
1891-06-30 12:00:00.000000,1891.4945205479453,11913.5,1.0246776792821117,59.383333333333326,0.42618574129954806,8.060905771307365,1.0247339679527792,5.554213613317357,5.420151753545952,5.449044520547945,5.815577054794521,6.223056506849315,387.3554794520548,419.341095890411,441.3181506849315,5.68340026032583,6.456961093614741,7.200127678948277,
1892-06-30 08:00:00.000013,1892.4954462659382,12279.333333333334,1.5406601307673695,121.60833333333333,0.7883051940995874,11.124268942370705,1.3779448980517446,10.92275412555351,7.9268439115359595,7.276510273972606,7.939626712328771,9.43972031963471,378.1615296803653,422.58242009132425,463.46250000000003,7.854576389771349,9.277470630248283,11.815943543918333,
1893-06-30 12:00:00.000000,1893.4945205479453,12644.5,2.0557022953250903,141.8166666666667,0.9447835686386895,12.242867068746156,1.5601054691433547,12.681096907262882,8.128358728353156,6.47797575136612,6.857434767759563,7.251023224043716,348.8518784153006,382.44579918032787,407.384118852459,6.498414483307133,7.389959060436496,8.195251872211267,
1894-06-30 12:00:00.000000,1894.4945205479453,13009.5,2.5705093881509273,130.00833333333333,0.8925801922495787,11.879676634491068,1.596214364717891,12.27509420048896,7.690128889836432,6.927061643835616,7.485494863013698,9.158364726027397,348.3025684931507,402.226198630137,448.4412671232877,7.020950221233883,8.431810947957613,11.236472333861698,
1895-06-30 12:00:00.000000,1895.4945205479453,13374.5,3.0853164809767644,106.60000000000001,0.6933926568219748,10.396541179291983,1.5333899677278957,11.185637161445094,7.2947113238385395,6.07836301369863,6.46188698630137,7.008707191780822,371.10308219178086,412.3143835616438,444.9333904109589,6.290918836579292,7.22909639468509,8.291955236438282,
1896-06-30 08:00:00.000013,1896.4954462659382,13740.333333333334,3.6012989324620226,69.7,0.48595768178034676,8.629911177738096,1.3918005333486563,9.054518902318978,6.505615341685427,5.983552511415525,6.367539954337899,7.257311073059362,363.74771689497715,418.95856164383565,468.0537100456621,6.091093544756231,7.17519054047727,8.861969163333638,
1897-06-30 12:00:00.000000,1897.4945205479453,14105.5,4.116341097019743,43.791666666666664,0.3191410291908761,6.945170471232904,1.227108320547203,7.462055044259907,6.081007617104545,5.261215846994535,5.660087773224044,6.394445355191256,338.51687158469946,377.3586065573771,415.15679644808745,4.94822029387226,5.8452170363809435,7.171488621386546,
1898-06-30 12:00:00.000000,1898.4945205479453,14470.5,4.63114818984558,44.54166666666668,0.27630283345542356,6.453502323953343,1.0996623654081648,6.118656708072388,5.564123044077542,5.539542808219178,5.9127654109589045,6.421700342465753,349.70154109589043,394.94503424657535,429.07585616438354,5.399167413548616,6.343772479691282,7.347963728636116,
1899-06-30 12:00:00.000000,1899.4945205479453,14835.5,5.145955282671418,20.191666666666666,0.16136611185141547,4.875716898063047,0.9594459972024824,5.659741868420071,5.898968659958497,4.704234589041096,5.114909246575342,5.522765410958904,358.82208904109586,396.0914383561644,418.29417808219176,4.496547882484135,5.3420882224695445,6.06434422753059,
1900-06-30 12:00:00.000000,1900.4945205479453,15200.5,5.660762375497255,15.799999999999999,0.12331393081843466,3.9185029389840778,0.8430473768350356,4.31213986017744,5.114943689601472,3.8731147260273975,4.729270547945205,5.247311643835617,266.4979452054794,316.38835616438354,352.7650684931507,2.673039792996601,4.101253745049294,5.085523083951907,
1901-06-30 12:00:00.000000,1901.4945205479453,15565.5,6.175569468323092,4.583333333333333,0.053100820317720655,2.6611935609062165,0.6904341922350997,3.2597516249399625,4.72130676840811,3.5031335616438355,4.289767123287671,4.891056506849315,251.32414383561644,293.39263698630134,318.2928082191781,2.1615847813331546,3.3801999730644305,4.30262629709538,
1902-06-30 12:00:00.000000,1902.4945205479453,15930.5,0.43940593919447807,8.433333333333334,0.08831578806527203,3.258055179753637,0.6818834665250657,2.8112341781505146,4.122748704374364,3.5733664383561643,4.354409246575343,4.943520547945205,257.9417808219178,291.9111301369863,319.1897260273972,2.293590569933489,3.4325381493145883,4.37112506935453,
1903-06-30 12:00:00.000000,1903.4945205479453,16295.5,0.9949416780444754,40.65833333333333,0.3516653519728741,6.247138590378248,1.0033161708616793,4.584723179886862,4.569569705977487,4.59419006849315,5.169962328767123,5.612229452054795,338.1082191780822,361.69726027397263,376.3068493150685,4.171068615732169,5.085595295611684,5.775073613315083,
1904-06-30 08:00:00.000013,1904.4954462659382,16661.333333333332,1.5517457633302014,69.90833333333335,0.6734061906513458,8.724191280644726,1.3854164048971542,8.633894415430879,6.231985116468873,4.9448401826484005,5.333014269406392,5.719359589041096,328.36592465753426,353.55525114155256,376.20376712328766,4.473196738051619,5.196235158523483,5.906120147726138,
1905-06-30 12:00:00.000000,1905.4945205479453,17026.5,2.1075351714673465,105.78333333333335,0.8972301308635485,10.139022453927035,1.5700453602044948,9.926269491245433,6.322281981682719,5.495278346994535,5.831713797814208,6.1790467896174865,358.8370218579235,375.31215846994536,391.9642418032787,5.447295753540197,6.0352741951461475,6.649358037859434,
1906-06-30 12:00:00.000000,1906.4945205479453,17391.5,2.663070910317344,89.79166666666667,0.9244594226353181,10.299761832609297,1.59367975904382,10.414752915477475,6.535034944364321,4.960657534246575,5.375972602739726,5.769570205479452,344.5258561643835,368.65907534246577,384.0693493150685,4.6617501657879306,5.406064317638373,6.051132757839944,
1907-06-30 12:00:00.000000,1907.4945205479453,17756.5,3.218606649167341,103.38333333333334,0.8568485421491205,9.8965640869794,1.5014180827687713,9.639169945818958,6.4200438614961435,5.6063835616438356,5.932162671232877,6.257753424657534,374.53972602739725,395.96369863013695,410.37226027397264,5.749490509087638,6.378947250722932,6.944558815894239,
1908-06-30 08:00:00.000013,1908.4954462659382,18122.333333333332,3.7754107344530667,80.95833333333333,0.7831445991569025,9.440453537216047,1.3322140177051456,8.895776509496152,6.677438002656585,5.895210616438355,6.2371038812785375,6.585953196347031,379.56986301369864,395.2062785388128,408.6125570776256,6.1597983115391735,6.757891599667702,7.350112457146156,
1909-06-30 12:00:00.000000,1909.4945205479453,18487.5,4.3312001425902125,73.13333333333334,0.6220918190079613,8.37152367319155,1.1746552575537632,8.483495391089788,7.222115030376479,5.771084357923497,6.158691598360656,7.200723360655738,364.8272199453552,400.35560109289617,434.8737363387978,5.845836241085215,6.712943097633494,8.443252566692548,
1910-06-30 12:00:00.000000,1910.4945205479453,18852.5,4.8867358814402095,31.0,0.32339591935317685,5.988865774653708,1.029928866078559,7.322941839476765,7.110143312478241,5.27923801369863,5.623614726027397,5.975625,410.2070205479452,439.0660958904109,472.08065068493147,5.675968324036963,6.375906176825223,7.124396073639423,
1911-06-30 12:00:00.000000,1911.4945205479453,19217.5,5.4422716202902075,9.541666666666668,0.09477573702102855,3.4613719930441635,0.8924484492436197,5.154842257896733,5.7760672476551855,4.844715753424658,5.248202054794521,5.649722602739726,402.5693493150685,428.89075342465753,456.7352739726028,5.052631608619543,5.792766057610336,6.5554655609764545,
1912-06-30 08:00:00.000013,1912.4954462659382,19583.333333333332,5.999075705575932,5.991666666666666,0.03239300394972343,2.6233510795159347,0.7457560480553623,3.044621391697625,4.082596982802616,4.022173515981738,4.584175228310505,5.102440639269409,304.51906392694093,345.7248858447491,369.84811643835644,3.205169240388905,4.231541014432715,5.0834945609315865,
1913-06-30 12:00:00.000000,1913.4945205479453,19948.5,0.2925270154751059,2.4166666666666665,0.022394403587857308,2.313466999902339,0.6734661579661163,2.4657796059219472,3.6613266706209258,3.7255102459016394,4.308339480874317,4.872946721311476,311.13767076502734,351.0496243169399,374.6538934426229,2.941117182038608,3.95425085618135,4.8471349397933245,
1914-06-30 12:00:00.000000,1914.4945205479453,20313.5,0.8906915009003925,16.05,0.1172338381613436,4.556769519835017,0.9282284304846331,3.2571666177333847,3.509014064601318,4.224667808219178,4.699601027397261,5.172397260273972,331.42534246575343,383.02431506849314,412.3746575342466,3.6818333978563667,4.705988214204975,5.556721660743861,
1915-06-30 12:00:00.000000,1915.4945205479453,20678.5,1.4888559863256792,78.975,0.4467276844001202,8.943338623843857,1.3430298837191927,6.458116285641202,4.808616966702951,5.363205479452055,5.697412671232877,6.038542808219178,384.2453767123288,412.6465753424657,461.8753424657534,5.545872321192397,6.2408028568242875,7.129322812075514,
1916-06-30 08:00:00.000013,1916.4954462659382,21044.333333333332,2.088386144092117,95.13333333333334,0.5771999011463503,10.22914914333233,1.566373188019525,11.424874324927112,7.293839304905607,5.991094748858446,6.314157534246573,6.650182648401825,419.3808789954337,440.5254566210045,489.726712328767,6.686881949480341,7.31490985155714,8.210809738024249,
1917-06-30 12:00:00.000000,1917.4945205479453,21409.5,2.6868237639856365,173.17499999999998,0.9218703415604476,13.103548591222488,1.593029336316601,9.714474694640739,6.098114123310827,6.507585724043715,6.939646516393443,7.482862021857924,352.37889344262294,399.55433743169397,434.67558060109286,6.578284353948504,7.700474849126203,8.815939686547608,
1918-06-30 12:00:00.000000,1918.4945205479453,21774.5,3.2849882494109237,134.3,0.808851712071814,12.22489840505712,1.4854953413152838,14.093173605732591,9.487188019892574,6.607178082191781,7.068929794520548,7.757688356164383,393.53955479452054,435.5857876712329,489.5222602739726,7.207963576845811,8.27491705791886,9.768149957271293,
1919-06-30 12:00:00.000000,1919.4945205479453,22139.5,3.88315273483621,106.00000000000001,0.6334205246690368,10.742430293659828,1.2953413283303983,9.869092651678184,7.618912819217105,6.807279109589041,7.305962328767123,7.944407534246575,391.61969178082194,429.35650684931505,460.2568493150685,7.438594603865441,8.521920505561502,9.725646768076624,
1920-06-30 08:00:00.000013,1920.4954462659382,22505.333333333332,4.482682892602648,62.71666666666666,0.35918184683926513,7.984095015188291,1.1376741092491844,9.66141347896526,8.492250461198747,6.320089041095892,6.722698059360733,7.22257077625571,361.3908675799088,404.0594748858448,435.2563356164385,6.4697256378929495,7.4756916188400835,8.476532973811928,
1921-06-30 12:00:00.000000,1921.4945205479453,22870.5,5.081120512496168,43.53333333333334,0.26107978512613833,6.77613806472917,0.9768937592044569,6.657464537684099,6.814931997421779,5.7231144125683056,6.0636437841530055,6.412933060109289,381.9215505464481,411.63340163934424,430.24183743169397,5.970549823143716,6.705725610715565,7.347929698158357,
1922-06-30 12:00:00.000000,1922.4945205479453,23235.5,5.679284997921454,23.750000000000004,0.1271396219181428,4.737552858396586,0.8388593853993905,5.816320068856079,6.933605524466849,5.108265410958904,5.509734589041096,5.9737328767123286,426.71472602739726,465.33681506849314,505.6484589041096,5.589630266253294,6.429000854600048,7.372503400200819,
1923-06-30 12:00:00.000000,1923.4945205479453,23600.5,6.277449483346741,9.658333333333333,0.06780361633585137,3.4153880755474555,0.6584999673969179,3.8554108388880697,5.854838314007356,4.312823630136986,4.883368150684932,5.362248287671233,327.8570205479452,365.86301369863014,393.8708904109589,3.7491624214315022,4.778368181068772,5.634862820342081,
1924-06-30 08:00:00.000013,1924.4954462659382,23966.333333333332,0.5879060727975974,27.858333333333334,0.21540826670682525,5.348412682058298,0.7101427232161159,3.845291860863452,5.4148155506667415,4.736281392694062,5.133386415525113,5.533882420091324,312.392294520548,348.00736301369864,371.93247716894984,4.0660059822957075,4.900810540224402,5.63290998096604,
1925-06-30 12:00:00.000000,1925.4945205479453,24331.5,1.180409387194812,73.85833333333333,0.5638582392840656,8.690804528425968,1.1351427050861607,7.852845006768901,6.917936371861587,5.302150273224044,5.658491803278689,6.022799180327869,333.02155054644805,379.0318989071038,408.58323087431694,4.9335697280256126,5.860613582781918,6.6226623798354405,
1926-06-30 12:00:00.000000,1926.4945205479453,24696.5,1.7726422756155769,106.47500000000001,0.8599691754798741,10.84493598549459,1.5058235930623367,11.679011021795679,7.755895893518653,6.571083904109589,7.237404109589042,7.797708904109589,369.78407534246577,406.3662671232877,440.82431506849315,6.879076960411897,8.164849972055897,9.308804512555861,
1927-06-30 12:00:00.000000,1927.4945205479453,25061.5,2.364875164036342,115.10833333333333,0.9056962305642919,11.145622689517616,1.601845232264418,11.08768573872236,6.921820857217563,5.851309931506849,6.195118150684932,6.544950342465754,381.10496575342466,396.2890410958904,409.57226027397263,6.121580815630223,6.716390528131605,7.307936711216545,
1928-06-30 08:00:00.000013,1928.4954462659382,25427.333333333332,2.9584601823393437,129.67499999999998,0.957098016282622,11.475584944997921,1.563818581041497,10.915074951339912,6.979757808012817,6.157028538812784,6.5854760273972595,7.002042808219176,372.95211187214613,393.4175799086758,409.8962328767123,6.4090770712732725,7.179331293634115,7.902286787418584,
1929-06-30 12:00:00.000000,1929.4945205479453,25792.5,3.5509634967365584,108.10000000000001,0.7991574972718624,10.433692829126501,1.4090268970642679,10.624440143621854,7.5402678016708276,6.1361963797814205,6.4779477459016395,6.8235625,405.51909153005465,423.6395833333333,438.3549521857924,6.73754672116618,7.367469776321987,7.975899043773796,
1930-06-30 12:00:00.000000,1930.4945205479453,26157.5,4.143196385157323,59.541666666666664,0.5046224870541602,8.203260612813677,1.2205521985247518,8.97047338872473,7.349520487175475,6.178631849315069,6.577135273972603,7.200729452054794,494.33544520547946,516.7977739726027,542.7010273972603,7.580957124234427,8.318921412189937,9.420017010322113,
1931-06-30 12:00:00.000000,1931.4945205479453,26522.5,4.735429273578087,35.36666666666667,0.22024796740914598,5.984415164404781,1.0712107414775225,7.051038724016776,6.582307711264422,4.903018835616439,5.302018835616439,5.702962328767123,417.07380136986296,445.225,472.91044520547945,5.245102069970793,5.994265695236394,6.7541483701081795,
1932-06-30 08:00:00.000013,1932.4954462659382,26888.333333333332,5.32901429188109,18.558333333333334,0.10207698324765559,4.550258473421784,0.9180560932660846,5.063707443955686,5.515684151652428,4.868150684931507,5.277087899543379,5.686025114155251,446.4103881278538,478.18778538812774,514.4337899543378,5.417147213485215,6.199440509406106,7.0207609547852785,
1933-06-30 12:00:00.000000,1933.4945205479453,27253.5,5.921517606278305,9.416666666666668,0.05080997430775452,3.3147380972630844,0.7700665841346666,3.852054158962197,5.002235181118524,4.726220969945355,5.14414412568306,5.557109972677596,416.26127049180326,446.970662568306,477.91676912568306,5.007579218728804,5.793928647788053,6.587725398223352,
1934-06-30 12:00:00.000000,1934.4945205479453,27618.5,0.24694120813984677,14.525,0.08055222909841085,4.070694974500271,0.6708537354582906,2.9953076697816536,4.464919119419411,4.657582191780822,5.077565068493151,5.494530821917808,371.4844178082192,402.48184931506853,424.45890410958907,4.55403743616943,5.3499705401604984,6.080652306952671,
1935-06-30 12:00:00.000000,1935.4945205479453,27983.5,0.8812377666973551,60.05833333333334,0.3096735883035544,7.931092248731467,0.9214192378398072,5.104944922728251,5.54030642413803,5.08430993150685,5.460686643835617,5.836046232876713,387.95445205479456,420.639897260274,442.93647260273974,5.230723072534533,6.003556862557154,6.694301862813051,
1936-06-30 08:00:00.000013,1936.4954462659382,28349.333333333332,1.5169824909136682,132.86666666666667,0.6745841092127421,11.930095112901933,1.361986616262466,11.394998033271296,8.366453750141247,5.61169121004566,5.9648356164383545,6.3418230593607285,380.5477168949772,403.0123858447489,421.2381278538814,5.817997716323129,6.492062696988786,7.164395354027653,
1937-06-30 12:00:00.000000,1937.4945205479453,28714.5,2.15156868260294,190.63333333333335,0.9530236177637552,14.333769498189383,1.578489582024755,14.05100524865873,8.901550829771882,7.1626717896174865,7.723878756830601,8.330897882513662,348.67407786885246,379.0057718579235,407.7152663934426,7.303424968115153,8.419935510565182,9.590640564922941,
1938-06-30 12:00:00.000000,1938.4945205479453,29079.5,2.7858652411604483,182.61666666666665,0.9000261706053712,13.903707860166548,1.5903172904886995,14.605975071910914,9.184315079302536,7.449636986301369,8.16432705479452,9.322583904109589,377.35,404.9739726027397,429.3125,8.057957919330091,9.338867578308363,11.192469061292195,
1939-06-30 12:00:00.000000,1939.4945205479453,29444.5,3.420161799717956,147.96666666666667,0.7594676298336567,12.70383170102455,1.4530716955310452,12.325023676488238,8.48204786755817,7.305267123287671,7.854705479452055,8.433748287671232,392.47157534246577,422.74845890410955,452.89794520547946,8.078081777772615,9.167753002273217,10.308777467195398,
1940-06-30 08:00:00.000013,1940.4954462659382,29810.333333333332,4.0559065239342695,112.95833333333336,0.5618071395446118,10.830454575262983,1.241862079043232,11.003960920258926,8.860855892094483,7.166866438356165,7.696979452054795,8.245142694063928,405.3196347031963,423.3968607305936,439.3866438356165,8.06093742246342,8.968463325866482,9.891003234350345,
1941-06-30 12:00:00.000000,1941.4945205479453,30175.5,4.690492715623542,79.15,0.41745776906845333,9.382433569102012,1.0834710479674299,9.412491717854234,8.687349547098542,7.118409836065574,7.627589139344262,8.181537909836065,414.71974043715846,439.759118852459,463.0950819672131,8.108900981664444,9.067858497175505,10.08243878930052,
1942-06-30 12:00:00.000000,1942.4945205479453,30540.5,5.32478927418105,51.050000000000004,0.2350722912912705,7.228926105168529,0.9190113758139866,7.956149278816844,8.65729139834632,5.9748715753424655,6.301446917808219,6.631381849315069,443.6508561643835,465.3799657534247,502.660102739726,6.886677493131166,7.519414611866974,8.288026598051657,
1943-06-30 12:00:00.000000,1943.4945205479453,30905.5,5.959085832738558,27.224999999999994,0.11746791803636752,5.100942795026571,0.7582908478406055,6.013298157540096,7.930068224698005,5.832147260273973,6.151198630136987,6.478207191780823,483.6566780821918,511.00787671232877,543.946404109589,7.01383943073844,7.66515446373875,8.36794282869448,
1944-06-30 08:00:00.000013,1944.4954462659382,31271.333333333332,0.30845457571517426,15.950000000000001,0.08741272423595675,4.423871054224227,0.674378931465111,4.7325977013289355,7.017712862184481,5.372894406392696,5.71872488584475,6.06361187214612,412.84954337899563,435.97654109589064,453.8713470319638,5.820902656303111,6.4770938382533725,7.095433067962885,
1945-06-30 12:00:00.000000,1945.4945205479453,31636.5,0.9365437721760976,55.12500000000001,0.28115131564272233,7.927941843369197,0.9612542107333284,6.449041248997285,6.708986215079771,5.733866461748634,6.068960382513661,6.411977459016393,379.08688524590167,407.3424863387978,435.65198087431696,5.9541719500548815,6.669460417463828,7.399243312946696,
1946-06-30 12:00:00.000000,1946.4945205479453,32001.5,1.5643463008157223,154.21666666666667,0.684822098202812,12.652692116506051,1.3939089290310103,11.413168533589932,8.187886809451683,7.812080479452055,8.524818493150685,9.26042808219178,389.21010273972604,407.69486301369864,424.5941780821918,8.67412333180671,9.84091066511366,11.041673994464533,
1947-06-30 12:00:00.000000,1947.4945205479453,32366.5,2.192148829455347,214.525,0.9647563506104837,15.183878095006412,1.5862715588120542,14.954432978662236,9.427410392367804,7.645592465753425,8.334823630136986,9.053003424657534,397.72722602739725,417.1186643835616,435.5049657534247,8.577989644433268,9.724126939440014,10.920597086176105,
1948-06-30 08:00:00.000013,1948.4954462659382,32732.333333333332,2.8213846972014527,192.84166666666673,0.9222920573517674,14.823760631918443,1.589344663713401,15.348071771022747,9.656855508711981,6.512151255707766,6.935827625570781,7.404403538812791,422.3449200913241,439.55873287671227,453.2882420091323,7.399025518000572,8.13838927617724,8.913776219148634,
1949-06-30 12:00:00.000000,1949.4945205479453,33097.5,3.449473893662376,191.3333333333333,0.8452065063332276,14.150225477545877,1.4437598201176087,13.185200616280861,9.132544369607677,7.651129781420765,8.319012295081967,9.040817964480874,353.19682377049185,385.46704234972674,416.61676912568305,7.9490740981428845,9.254368441209925,10.637279938450526,
1950-06-30 12:00:00.000000,1950.4945205479453,33462.5,4.077276422302001,118.88333333333334,0.5828596353447035,11.616687509752555,1.236645093077992,12.487109441374027,10.097569230872692,7.220801369863013,7.769845890410958,8.334224315068493,407.1291095890411,436.45565068493147,464.9796232876712,8.151193886122615,9.219335159571346,10.312812991726537,
1951-06-30 12:00:00.000000,1951.4945205479453,33827.5,4.705078950941626,98.40000000000002,0.39626676673061295,9.790402429042167,1.0794913992432325,9.96062614909211,9.227147299251218,6.8937910958904105,7.426919520547946,8.354768835616438,445.67123287671234,492.5196917808219,529.14948630137,8.143979393555568,9.329685632811419,10.994821626884983,
1952-06-30 08:00:00.000013,1952.4954462659382,34193.333333333336,5.334314818687738,44.85833333333333,0.16972154446466983,6.95231986360725,0.9168576365701446,8.303909547422895,9.056923579201275,6.54419121004566,6.9599320776255675,7.415933219178076,474.9172945205482,506.0177511415526,546.7920091324202,7.937250580168122,8.784419800214913,9.768214445928683,
1953-06-30 12:00:00.000000,1953.4945205479453,34558.5,5.962404015148655,20.075,0.07565195592249467,4.718785983195919,0.7572507657095464,5.834869992328491,7.70533389538563,5.576316256830601,5.936785860655737,6.342195696721312,448.92540983606557,491.52551229508197,537.6794057377049,6.393702284434064,7.2194882236974465,8.126727366535441,
1954-06-30 12:00:00.000000,1954.4945205479453,34923.5,0.2981890293873129,6.558333333333333,0.03424503631503859,3.2878715395493434,0.6737906355491299,4.43977486865048,6.589249886253059,4.87597602739726,5.282573630136986,5.689556506849315,415.2885273972603,460.9628424657534,507.1628424657534,5.195399325836792,6.085539215521306,6.978093370158024,
1955-06-30 12:00:00.000000,1955.4945205479453,35288.5,0.9079313023641712,54.04999999999999,0.20860253314196964,7.850910838357026,0.9406456538594665,5.114616407512688,5.437346557151922,5.425205479452054,5.800479452054795,6.27886301369863,396.75753424657535,438.09520547945203,478.9414383561644,5.74227524099257,6.6046327328298,7.601473897172948,
1956-06-30 08:00:00.000013,1956.4954462659382,35654.333333333336,1.5190656809870997,200.65,0.6580678580373333,14.372923729516563,1.3633906470027701,11.143865674992583,8.17364098799626,7.42539269406394,8.051804223744309,8.705699200913259,401.4692351598174,424.88224885844744,445.60907534246553,8.34529854961052,9.453580480711398,10.586815580984629,
1957-06-30 12:00:00.000000,1957.4945205479453,36019.5,2.1290863750931672,268.8416666666667,0.9261151700161561,17.248716031536404,1.5741781931132683,17.949880175368907,11.40269904252024,8.742763661202186,9.749502049180327,10.825873292349726,369.0792008196721,400.6083333333333,427.35539617486336,9.520805312990921,11.303604662271791,13.149934736560807,
1958-06-30 12:00:00.000000,1958.4945205479453,36384.5,2.738828648070025,261.4,0.9359109736348478,17.346052880454106,1.5916052902206141,17.032619558231925,10.701534898687736,8.201768835616438,9.053138698630137,9.937825342465754,389.5210616438356,413.1895547945206,435.8255136986301,9.16831812922882,10.60400116276064,12.105546746816172,
1959-06-30 12:00:00.000000,1959.4945205479453,36749.5,3.3485709210468837,224.79999999999995,0.7769867088700336,15.704171665916505,1.4702439698860563,16.194690605279348,11.014968220909918,7.887671232876712,8.609775684931506,9.358931506849315,415.47739726027396,444.728595890411,473.27722602739726,9.119425571532751,10.446854392800747,11.827274407728297,
1960-06-30 08:00:00.000013,1960.4954462659382,37115.333333333336,3.959705299669812,158.96666666666667,0.5341277743046219,12.8631073435083,1.2691426413382154,13.357027359812738,10.524449281547074,8.466327054794526,9.37812157534247,10.317909817351605,415.1037671232877,440.32950913242007,462.56969178082187,9.8682966868762,11.421890998589072,13.009283153434097,
1961-06-30 12:00:00.000000,1961.4945205479453,37480.5,4.56972599377588,76.42500000000001,0.29568222023674395,9.414852815317213,1.1164205459047536,11.198288958015791,10.030529265242636,6.7567540983606555,7.196826844262295,7.647053278688524,392.7921106557377,416.60406420765025,436.2262636612022,7.389179340125946,8.233471731444526,9.054397735866454,
1962-06-30 12:00:00.000000,1962.4945205479453,37845.5,5.179468266752737,53.56666666666667,0.18239148628263338,7.325611452406894,0.9518686635452294,7.850149508689065,8.247093122544058,5.459078767123288,5.82567808219178,6.21714897260274,439.79246575342466,453.5789383561644,470.3037671232877,6.160808686242097,6.7688519334496515,7.444333421258733,
1963-06-30 12:00:00.000000,1963.4945205479453,38210.5,5.789210539729596,39.958333333333336,0.1371928261135035,6.300290544733503,0.8115381486006316,6.267148040940598,7.722555066261886,5.273506849315069,5.841760273972603,6.233751712328767,418.5866438356164,443.0933219178082,468.3196917808219,5.740878810159748,6.703275651733654,7.451477584855423,
1964-06-30 08:00:00.000013,1964.4954462659382,38576.333333333336,0.0997105330007802,15.058333333333332,0.07313119400166512,4.361542661900343,0.6624162687979563,5.137500246281071,7.755697570054791,4.781101598173512,5.186143835616434,5.589074771689494,415.51820776255704,424.8148972602738,440.3764269406391,5.073459400760248,5.67782765761142,6.3411002293760745,6.154934486696766
1965-06-30 12:00:00.000000,1965.4945205479453,38941.5,0.6188782559205663,21.950000000000003,0.1314607171568705,4.943493757524364,0.7324508986932051,5.112316825151865,6.979739985674062,4.728426912568306,5.158204918032787,5.576076844262294,365.1337431693989,379.4893442622951,390.7260587431694,4.5835786190216234,5.244334472321127,5.875280635512785,5.611598088265702
1966-06-30 12:00:00.000000,1966.4945205479453,39306.5,1.137809024151666,66.56666666666666,0.4470195976437292,8.558002992164285,1.1062185014546326,7.534362306613473,6.810916918046562,5.234624999999999,5.668590753424658,6.0489160958904105,389.98167808219176,407.0585616438356,419.94400684931503,5.438355700759425,6.1509638598301555,6.767960522324135,7.239625804000698
1967-06-30 12:00:00.000000,1967.4945205479453,39671.5,1.6567397923827658,132.65,0.803112493130211,11.642074576062974,1.456180396247863,11.408529195633133,7.834557603597374,6.057928082191781,7.086791095890411,7.66111301369863,340.92551369863014,383.50547945205483,407.41044520547945,5.901694623215738,7.688365321465788,8.72292144865222,7.006823223996275
1968-06-30 08:00:00.000013,1968.4954462659382,40037.333333333336,2.176855334057319,149.95000000000002,0.9551241966851012,12.762359185116216,1.5833387545859636,12.77454013060095,8.068102984027217,6.018295091324201,6.35867751141552,6.721027397260268,425.56255707762614,439.445262557078,447.5457191780825,6.780198107954577,7.363569641589475,7.929039331780359,6.948089637361366
1969-06-30 12:00:00.000000,1969.4945205479453,40402.5,2.696023056977105,149.44166666666666,0.9547236205129529,12.759517596341736,1.5927774327213717,12.83129082275321,8.05592203854248,5.972392759562842,6.3421024590163935,6.7268975409836065,386.73896857923495,406.58603142076504,424.8972336065574,6.33281391252276,7.01370460684191,7.708353356338007,6.970420438207615
1970-06-30 12:00:00.000000,1970.4945205479453,40767.5,3.2149538252082044,148.225,0.8944177348867223,12.325382541566434,1.5022942739311267,11.994541042678414,7.984148812131004,6.179210616438356,6.522441780821918,6.873732876712329,390.16746575342466,401.7393835616438,413.00102739726026,6.629959053511949,7.192963984010057,7.771260430017792,6.966590224406212
1971-06-30 12:00:00.000000,1971.4945205479453,41132.5,3.7338845934393046,94.425,0.6295098231805798,10.237960888561053,1.34642556467,11.195515524739369,8.314990311019024,5.537556506849315,5.9013767123287675,6.301948630136986,422.7191780821918,430.55085616438356,444.42773972602737,6.122033321197704,6.672071940099347,7.334234945669654,6.386675193424378
1972-06-30 08:00:00.000013,1972.4954462659382,41498.333333333336,4.254000135113857,97.69166666666666,0.5960051436297008,9.947746958224204,1.1935019244208707,8.781113636725156,7.35743567484071,6.034823059360734,6.3859046803653,6.7580867579908706,404.019920091324,420.16718036529676,433.0734589041095,6.592022484057452,7.211460459097237,7.83466447856663,6.890057576471997
1973-06-30 12:00:00.000000,1973.4945205479453,41863.5,4.773167858033643,54.291666666666664,0.32978739638415483,7.5799835197172705,1.060914300606631,9.043306697574465,8.52406899633976,5.808972336065574,6.165921106557377,6.549818647540984,483.8118169398907,496.24426229508197,510.33401639344265,6.981763842614999,7.577413073790037,8.230974074249852,8.170110781182947
1974-06-30 12:00:00.000000,1974.4945205479453,42228.5,5.292098626264743,49.15,0.20140213033341747,6.8210918092446455,0.9264027780875823,6.541094541612529,7.060745818482566,5.973561643835616,6.294869863013699,6.630289383561644,505.7167808219178,531.8977739726027,560.9684931506849,7.373767319800709,8.018432588240643,8.705047380995136,8.729739129355675
1975-06-30 12:00:00.000000,1975.4945205479453,42593.5,5.811029394495843,22.408333333333335,0.11001656420558104,5.1034021350401915,0.80469904268123,5.907088933965343,7.340743086114682,5.421777397260274,5.753683219178082,6.097606164383562,466.63904109589043,488.4775684931507,513.4143835616438,6.318289849824888,6.93927326020534,7.6055532595713045,7.276257444084768
1976-06-30 08:00:00.000013,1976.4954462659382,42959.333333333336,0.05633745796661213,18.341666666666665,0.08570226223930565,4.523276584270269,0.6599306531189458,4.314003825080298,6.53705628718953,5.458736301369863,5.826510273972604,6.228146118721463,450.59920091324193,463.7538242009131,480.90279680365273,6.247400381695331,6.853153799508237,7.546660132641287,6.872246771501424
1977-06-30 12:00:00.000000,1977.4945205479453,43324.5,0.6661960073982588,39.34166666666667,0.19972203273406028,6.880460985653324,0.7665322128503219,5.1712785325376815,6.746329046379501,5.652335040983607,5.983650956284153,6.314265710382514,418.0792008196721,440.20150273224044,462.060519125683,6.231422644845527,6.868515744962771,7.508876665599192,6.565858018629082
1978-06-30 12:00:00.000000,1978.4945205479453,43689.5,1.2757762097055683,131.24166666666667,0.557872912558479,11.75710423736993,1.1994181411675509,10.141693885345317,8.455511499495145,7.073739726027398,7.575267123287672,8.094631849315068,414.627397260274,428.69760273972605,439.8900684931507,8.049667764718686,8.87068355104844,9.694857558262484,7.496425827791214
1979-06-30 12:00:00.000000,1979.4945205479453,44054.5,1.8853564120128776,219.85833333333335,0.9051883816069495,15.206466202676317,1.527438566419493,15.382714435408085,10.070921851519758,6.663647260273973,7.141861301369863,7.840328767123288,391.0037671232877,420.0736301369863,446.24349315068497,7.250118633212187,8.200876119705832,9.427642220672023,9.086827113637424
1980-06-30 08:00:00.000013,1980.4954462659382,44420.333333333336,2.4963283499418973,218.97500000000002,0.9411325443917381,15.52570389428758,1.5982456588880003,15.814119157341523,9.894673618787989,6.290335616438354,6.67293835616438,7.072834474885839,368.14315068493136,385.0210045662098,400.886929223744,6.515725772523368,7.1907768906940595,7.887231401552724,7.205456937216255
1981-06-30 12:00:00.000000,1981.4945205479453,44785.5,3.106186899373544,198.78333333333333,0.8658512467588345,14.850420664829667,1.5283838474334372,14.682050105176405,9.606258355734045,7.590780737704918,8.243449795081967,8.917076161202186,390.9027663934427,407.50447404371585,423.1061816939891,8.418451575896896,9.475789094047562,10.569536989959627,8.830104930021545
1982-06-30 12:00:00.000000,1982.4945205479453,45150.5,3.715767101680853,162.88333333333335,0.6899843649655691,13.159993469198662,1.3526259381871364,13.221416607106868,9.774628915387307,8.015429794520548,8.847897260273973,9.778696917808219,456.2375,470.06147260273974,485.1657534246575,9.777866603029484,11.080851447805612,12.560380585190208,10.917497351802389
1983-06-30 12:00:00.000000,1983.4945205479453,45515.5,4.325347303988163,90.79166666666664,0.4392648385845496,10.363210073514214,1.1760840980806706,11.42354685627847,9.713205777479104,6.939323630136986,7.401534246575343,7.908215753424658,464.5332191780822,489.139897260274,512.2705479452055,8.389914673542002,9.263089586874372,10.195731420325458,10.285293949027162
1984-06-30 08:00:00.000013,1984.4954462659382,45881.333333333336,4.936319241917182,60.65833333333334,0.2404899316754675,7.568898248590119,1.0164007450136978,8.794782492734097,8.652868994714847,6.363578767123284,6.749043378995429,7.148696347031959,492.32482876712345,506.3920091324202,519.3566780821918,7.827457197491,8.486189105017932,9.163887670814464,11.046499154002921
1985-06-30 12:00:00.000000,1985.4945205479453,46246.5,5.546177791348829,20.541666666666668,0.09063153646561094,4.622295847594989,0.8689551152794367,6.453716390110929,7.42698475057087,5.676882855191257,6.036104849726776,6.441053620218579,450.1645833333333,474.0792008196721,498.48015710382515,6.539827076038611,7.224993409270106,7.985603306732679,7.725618645492675
1986-06-30 12:00:00.000000,1986.4945205479453,46611.5,6.155757993656138,14.833333333333334,0.0723187288059547,4.015260403561603,0.6966440861602584,3.898116714271477,5.59556420805493,5.515344178082192,5.883267123287671,6.291241438356164,443.65308219178087,451.8892123287671,467.2679794520548,6.268756845497296,6.833894991993479,7.521870235125651,7.050771240134029
1987-06-30 12:00:00.000000,1987.4945205479453,46976.5,0.4774069897311985,33.675000000000004,0.17717408668056148,6.199323606854727,0.6840612232775795,3.9078419524853474,5.712707897345055,5.3117465753424655,5.663883561643836,6.017354452054795,426.4481164383562,441.09160958904107,455.4993150684931,5.856757843383657,6.447345253422446,7.046727049597091,7.456914870479359
1988-06-30 08:00:00.000013,1988.4954462659382,47342.333333333336,1.0823650444939574,122.69999999999999,0.5721426541514965,11.388688134104735,1.0662841506069174,8.534740457446588,8.004189551714434,6.044360159817357,6.440083904109595,7.125980593607314,417.55525114155245,440.90062785388125,465.2378424657535,6.738776621667862,7.487311470264056,8.653672488194818,8.743641077591631
1989-06-30 12:00:00.000000,1989.4945205479453,47707.5,1.6862206699997375,211.23333333333332,0.9601117629465677,14.99278907409407,1.4760499506170381,16.02715291973237,10.85813722837258,8.264917008196722,9.26868306010929,10.85593886612022,386.07066256830603,427.11868169398906,465.795730874317,9.196072342025246,11.088910301649769,13.795745490375554,9.948522365712133
1990-06-30 12:00:00.000000,1990.4945205479453,48072.5,2.2898006881912787,191.39166666666665,0.9239980512541429,14.68946536314996,1.603900991374696,15.756359867607864,9.82377338273428,7.213246575342465,7.792953767123288,8.40940410958904,419.60804794520544,435.82380136986296,451.42414383561646,8.288266704249464,9.24350312985989,10.258826164512632,9.592370318095089
1991-06-30 12:00:00.000000,1991.4945205479453,48437.5,2.8933807063828203,203.40833333333333,0.9361365007168175,14.792008516349533,1.5794289861203403,13.830868328294681,8.756878878276376,8.236087328767123,9.126373287671232,10.085342465753424,449.8414383561644,465.1474315068493,480.7457191780822,10.004818157894455,11.40612952350224,12.934075701275214,11.323268859161132
1992-06-30 08:00:00.000013,1992.4954462659382,48803.333333333336,3.498338761145579,133.34166666666667,0.6262719500405817,11.946691407619522,1.4270367309449647,13.867970159678153,9.718019066331227,7.118119863013691,7.6980976027397165,8.385830479452043,440.06341324200906,451.18978310502274,463.7092465753424,8.388433091096143,9.290649013799658,10.370398766354397,9.766920801286796
1993-06-30 12:00:00.000000,1993.4945205479453,49168.5,4.102194386651359,76.35000000000001,0.3699677713805649,9.055466719003583,1.2305619256217888,9.594371774704316,7.796740314272595,6.334685450819673,6.700512636612022,7.102954576502732,451.500956284153,468.748019125683,481.1488729508197,7.443237226130664,8.099475752544826,8.77093292982411,8.518686325153972
1994-06-30 12:00:00.000000,1994.4945205479453,49533.5,4.7057744048429,44.866666666666674,0.2098661323619436,6.755530670315549,1.079301654448185,7.833393602288984,7.257835258571864,5.739085616438356,6.10605993150685,6.514982876712328,510.19400684931503,533.2443493150685,559.8219178082192,7.068362815087296,7.751397526569462,8.52539896716369,7.989157287759102
1995-06-30 12:00:00.000000,1995.4945205479453,49898.5,5.309354423034442,25.166666666666668,0.11878544971491685,5.039862615562009,0.9225012177452241,5.701031996918837,6.179972326598429,5.638821917808219,6.0068133561643835,6.435642123287671,451.6102739726027,460.2352739726027,476.02945205479455,6.499427149091934,7.071441822489092,7.795237600827566,6.323166899956284
1996-06-30 08:00:00.000013,1996.4954462659382,50264.333333333336,5.914312477797201,11.549999999999999,0.06150947234550841,3.6810485021485353,0.7723250269985604,4.262309633683455,5.518802945241602,4.521057077625564,4.989422945205472,5.465127853881272,437.486015981735,459.6993721461187,489.5102168949773,4.8893347997914836,5.674925679569062,6.540243691666862,5.9247756188278915
1997-06-30 12:00:00.000000,1997.4945205479453,50629.5,0.21080432359409443,28.891666666666666,0.16679972840661253,5.604561388735767,0.6687828099648421,3.3021430884896583,4.937541813706683,5.19116837431694,5.564988046448088,5.9487821038251365,385.4474043715847,406.1610655737705,425.1549863387978,5.340734597730211,6.0082293872726895,6.684704495942281,5.587812522228909
1998-06-30 12:00:00.000000,1998.4945205479453,50994.5,0.7522791871537395,88.05,0.4742598313041925,9.472134487383553,0.8285349031994867,5.998559652182021,7.239960113952791,6.385734589041096,6.776580479452054,7.200229452054795,402.94503424657535,419.77842465753423,430.8460616438356,7.031315218996903,7.719361351469388,8.398477174938046,7.381187239896847
1999-06-30 12:00:00.000000,1999.4945205479453,51359.5,1.2937540507133845,136.15,0.7719722420510656,12.246572142322385,1.211534866252409,12.979821131714191,10.713534949154322,6.162020547945206,6.499482876712329,6.848133561643835,434.4294520547945,443.19880136986296,448.9441780821918,7.054291173486645,7.588852307165122,8.1150665290305,7.777148297940196
2000-06-30 08:00:00.000013,2000.4954462659382,51725.333333333336,1.836465158253763,173.8083333333333,0.9366272292477769,13.570622825479475,1.5180627846304526,15.150700695485297,9.980285959762517,7.246137557077633,7.884235159817361,8.720152397260286,399.2241438356162,422.3331050228309,443.6345319634703,8.087580851891603,9.201191362578648,10.581920332863321,7.926969810831993
2001-06-30 12:00:00.000000,2001.4945205479453,52090.5,2.3781872706095504,170.28333333333333,0.9308741533100311,13.526229665687572,1.601480707783137,13.45277119710919,8.400208089756697,7.496899590163934,8.1329337431694,8.789504781420764,362.5142076502732,384.92103825136616,405.9244535519126,7.9053088621030305,9.014787785400694,10.156030365926751,7.245608053024286
2002-06-30 12:00:00.000000,2002.4945205479453,52455.5,2.919662134169195,163.60833333333332,0.8846233770852739,13.164721546306545,1.573124944365767,13.330136233154933,8.47366655833508,6.451049657534247,6.876864726027397,7.375217465753425,421.48801369863014,432.58561643835617,444.06780821917806,7.308866212877455,7.9863717752527865,8.775531910871518,9.50766334871037
2003-06-30 12:00:00.000000,2003.4945205479453,52820.5,3.4611369977288406,99.03333333333335,0.5708610841538276,10.441134207419365,1.4397683403617216,11.961958008317561,8.308251871486691,7.0983321917808215,7.653202054794521,8.274131849315069,516.2857876712329,530.8549657534247,552.268493150685,9.066070982233358,9.988833693324533,11.077822459379485,10.178695777750074
2004-06-30 08:00:00.000013,2004.4954462659382,53186.333333333336,4.003848105269219,65.33333333333333,0.3675649183490508,8.292582904414099,1.2545709855094538,8.51531032359274,6.787428070588495,5.995006849315061,6.318476027397251,6.662234018264829,449.52694063926896,460.7482876712324,469.7273972602734,6.965608463199177,7.50359349588381,8.055973864687992,8.022993528185783
2005-06-30 12:00:00.000000,2005.4945205479453,53551.5,4.545570217625007,45.724999999999994,0.24793650712847967,6.770455519517418,1.1223215658543808,7.367705114455581,6.564700651409854,5.936443989071038,6.403197404371585,6.811625341530054,437.30160519125684,458.0196379781421,475.5453551912569,6.779671704928944,7.595165513822279,8.314592553974842,7.387119706760863
2006-06-30 12:00:00.000000,2006.4945205479453,53916.5,5.087045081184651,24.625,0.14441710971327973,5.164410220086898,0.9752773241402763,5.819919698293776,5.967451056471691,5.023876712328767,5.401655821917808,5.784878424657534,399.5253424657534,411.2041095890411,419.6828767123288,5.256436886415141,5.844192171915516,6.419974602013433,5.22814693124484
2007-06-30 12:00:00.000000,2007.4945205479453,54281.5,5.628519944744296,12.633333333333335,0.07378255060486745,3.744315097690677,0.8503374365666077,4.51694278485328,5.311941578264812,4.196080479452055,4.688087328767123,5.177171232876712,410.30410958904105,425.4732876712329,443.39109589041095,4.275542001519099,5.0262460772386515,5.81133825371939,4.776386564322963
2008-06-30 08:00:00.000013,2008.4954462659382,54647.333333333336,6.171231052284675,4.150000000000001,0.03133069258745807,2.3883139827616846,0.6917940659373191,3.1402704132913493,4.539313891102208,3.8054235159817327,4.414688926940638,4.978224315068492,388.73687214611857,416.95462328767115,454.0340753424658,3.62987155420048,4.606381887428181,5.6201249410931196,4.619933073664968
2009-06-30 12:00:00.000000,2009.4945205479453,55012.5,0.4425961872397819,4.75,0.05631932322629724,2.780735614942293,0.6820662926344687,2.5832288620142108,3.7873574605725433,3.5838869535519127,4.217682035519126,4.8094429644808745,299.36844262295085,336.5915983606557,357.7299180327868,2.6853738297711245,3.719856572419422,4.6117668044442315,3.372518044865453
2010-06-30 12:00:00.000000,2010.4945205479453,55377.5,1.0002337721294268,24.900000000000002,0.22885570834171376,5.190316829894852,1.0071278803243169,4.013267848723111,3.9848642135006256,4.020215753424657,4.673053082191781,5.201601027397261,339.84383561643835,368.32003424657535,404.9847602739726,3.519900891795759,4.545300227246494,5.5309775581567155,4.817103654206964
2011-06-30 12:00:00.000000,2011.4945205479453,55742.5,1.5578713570190719,80.75833333333334,0.6340864787928265,8.713304795175858,1.3895449392788586,7.172710356653752,5.161913194672366,4.8478852739726035,5.24013698630137,5.63925,386.4010273972603,398.24400684931504,410.05976027397264,4.920636167100383,5.520734245821165,6.141103725552476,5.682473430472989
2012-06-30 08:00:00.000013,2012.4954462659382,56108.333333333336,2.1167820870797014,84.39166666666667,0.78181358031068,9.722103631748356,1.5718186234435654,10.535126321627724,6.702507633194472,5.742393264840189,6.126430936073065,6.497600456621011,375.86906392694056,393.133904109589,409.4043949771689,5.930866442140362,6.5953289764069805,7.244526594626075,5.490805017990654
2013-06-30 12:00:00.000000,2013.4945205479453,56473.5,2.6746743010035385,93.70833333333333,0.8253456454158972,10.002732094139844,1.5933620242099136,9.384081650834359,5.889484943315102,5.425774931693989,5.757227459016393,6.081628756830601,361.8203893442623,376.84002732240435,389.3724726775956,5.395396044051937,5.959705848493313,6.498527331252305,5.2459754200248145
2014-06-30 12:00:00.000000,2014.4945205479453,56838.5,3.232311885893184,113.60833333333333,0.9249584301183904,10.620985500716582,1.4981306516109856,9.750037107530414,6.508135386620587,4.96396404109589,5.339578767123288,5.711167808219178,395.5080479452055,407.236301369863,419.1414383561644,5.144962413205115,5.728102444130407,6.317935476719603,6.551513097952509
2015-06-30 12:00:00.000000,2015.4945205479453,57203.5,3.7899494707828287,69.78333333333335,0.6283831519217062,8.672367298993988,1.3272384064608556,9.793803397051866,7.379083779806756,6.040667808219178,6.364121575342466,6.684566780821918,444.08304794520546,451.1232876712329,458.76010273972605,6.979997496858503,7.480215014662212,7.986804697329829,7.827252717948111
2016-06-30 08:00:00.000013,2016.4954462659382,57569.333333333336,4.348860200843458,39.824999999999996,0.3544177243996141,6.4579851959577335,1.1703439466402952,7.323600084542478,6.25764768174888,5.299740296803648,5.642614726027392,5.9834828767123245,444.5,454.77928082191784,466.95039954337904,5.985122371246104,6.530217475027796,7.094876508094344,7.011245562826508
2017-06-30 12:00:00.000000,2017.4945205479453,57934.5,4.906752414767296,21.816666666666663,0.18404077492994694,4.687848489350529,1.0244676370786931,5.523963094663689,5.3920327931641365,5.140331967213115,5.497212431693989,5.851101434426229,443.50853825136613,454.9982923497268,468.5863387978142,5.762915676022596,6.333907006219789,6.9252985304639285,6.231433016677172
2018-06-30 12:00:00.000000,2018.4945205479453,58299.5,5.46438999965694,7.008333333333334,0.06975255193694517,3.0795607576150714,0.8874474520178055,4.043137987409928,4.555918187850978,4.266534246575342,4.741515410958904,5.2065565068493145,393.23407534246576,409.88955479452056,430.3304794520548,4.243680065402735,4.97853738105288,5.749268786403069,5.06020826960567
2019-06-30 12:00:00.000000,2019.4945205479453,58664.5,6.022027584546585,3.5833333333333335,0.02994042583576337,2.26530562587059,0.7385617964316517,2.6531657913769298,3.5923409580561216,3.924885273972603,4.455414383561644,4.975943493150685,380.5061643835616,399.3873287671233,423.0599315068493,3.7218998924429885,4.5297251426673855,5.387130052550014,4.944794496385297
2020-06-30 08:00:00.000013,2020.4954462659382,59030.333333333336,0.3035906069246938,8.791666666666666,0.06629859467836975,3.016421645357362,0.6741001880954441,2.1601411050060464,3.2044807925497825,3.8196466894977164,4.365552511415525,4.901458333333332,358.0412671232875,377.14001141552495,400.1444063926939,3.4281217535955095,4.242344655275158,5.105075397899038,4.571214976102121
2021-06-30 12:00:00.000000,2021.4945205479453,59395.5,0.8724205821009003,29.483333333333334,0.27614556232581094,5.819801923202521,0.9150685295151579,3.7158749016098205,4.060761332901098,,,,,,,,,,5.05577706496786
2022-06-30 12:00:00.000000,2022.4945205479453,59760.5,1.4409909361108961,83.03333333333333,0.6977650160217966,9.36852452454014,1.3107697444525646,8.080486979049535,6.164688354493798,,,,,,,,,,7.283396717030891
2023-05-15 18:40:00.000017,2023.3692541856924,60079.77777777778,1.9383385501893555,131.33333333333334,0.9714758410492682,11.15006767080258,1.5375988492526333,,7.452725899984403,,,,,,,,,,
